tur,irk
Köpek,Toy Poodle
Köpek,Maltipoo
Köpek,Pomeranian Boo
Köpek,Maltese Terrier
Köpek,Doberman
Köpek,Golden Retriever
Köpek,Cane Corso
Köpek,Chihuahua
Köpek,Rottweiler
Köpek,Border Collie
Köpek,Sibirya Kurdu (Husky)
Köpek,Belçika Kurdu
Köpek,Çin Aslanı
Köpek,French Bulldog
Köpek,Alman Kurdu
Köpek,Cavalier King Charles
Köpek,Labrador Retriever
Köpek,Pug
Köpek,Morkie
Köpek,Shih Tzu
Köpek,Akita Inu
Köpek,Yorkshire Terrier
Köpek,Dakhund - Sosis Köpek
Köpek,Beagle
Köpek,İngiliz Bulldog
Köpek,Labradoodle
Köpek,Bernese Dağ Köpeği
Köpek,Amerikan Cocker
Köpek,Dogo Argentino
Köpek,Jack Russell Terrier
Köpek,Saint Bernard
Köpek,Dalmaçyalı
Köpek,American Bully
Köpek,Pekinez
Köpek,Samoyed
Köpek,Shiba Köpek
Köpek,Cavapoo
Köpek,Schnauzer
Köpek,Alabay (Alabai)
Köpek,Cockapoo
Köpek,Corgi
Köpek,Pitbull
Köpek,Wolfdog
Köpek,Danua (Great Dane)
Köpek,Goldendoodle
Köpek,İngiliz Cocker
Köpek,İngiliz Staffordshire
Köpek,Afgan Tazısı
Köpek,Alaska Kurdu
Köpek,Bernedoodle
Köpek,Bişon Çuha Köpeği
Köpek,Fransız Mastiff
Köpek,Kangal
Köpek,Kaniş
Köpek,Newfoundland Köpek
Köpek,Pincher
Köpek,Süs Köpeği
Köpek,Tibet Mastifi
Kedi,British Shorthair
Kedi,Scottish Fold
Kedi,British Longhair
Kedi,Maine Coon
Kedi,Ragdoll Kedisi
Kedi,Siyam Kedisi
Kedi,İran Kedisi
Kedi,Sfenks Kedisi
Kedi,Bengal Kedisi
Kedi,Exotic Shorthair
Kedi,Scottish Straight
Kedi,Munchkin Kedisi
Kedi,Chinchilla
Kedi,Scottish Fold Longhair
